date,isin,price
2026-04-02,ADA,0.2394
2026-09-28,ARB,0.2018
2026-04-02,ATOM,1.6654
2026-09-28,AVAX,10.5931
2026-09-28,BNB,763.801
2026-09-28,BTC,83502.6094
2026-09-28,CRO,0.0696
2026-04-02,DOT,1.2364
2026-09-28,ETH,2688.6687
2026-04-02,ETHW,0.2476
2026-09-28,GB00BP6MXD84,42.725
2023-12-18,GLP,1.151
2026-09-29,GM-ARB,1.0082
2026-09-29,GM-BTC,2.587
2026-09-29,GM-ETH,1.9963
2026-09-29,GM-LINK,3.3992
2026-09-29,GM-USD,1.1723
2026-09-25,IE0009HF1MK9,13.652
2026-09-29,IE000OHXGWO8,4.75
2026-09-25,IE00B3FH7618,98.81
2026-09-28,LINK,15.4426
2026-09-23,LU0792910217,133.72
2026-09-25,LU0940007189,371.8
2026-09-25,LU1654174025,219.42
2026-09-25,LU1931974262,36.745
2026-09-28,NEXO,0.827
2026-09-28,NL0010273215,1537.0
2026-09-25,NL0011225305,32.1277
2026-09-25,NL0011354865,163.38
2026-09-25,NL0011354873,254.26
2026-09-25,NL0011354972,184.66
2026-09-24,NL0011515424,22.3965
2026-09-28,NL0011872643,73.24
2026-09-25,NL0011896998,278.49
2026-09-25,NL0013552078,18.909
2026-09-25,NL0013654742,23.6197
2026-09-24,NL0014040289,15.3696
2026-09-28,POL,0.1171
2026-09-28,SOL,118.8367
2026-09-28,US45841N1072,87.08
2026-09-28,USD_EUR,0.8789
2026-04-02,XLM,0.163
